timestamp,route_id,traffic_volume,average_speed_kmph,congestion_level
2023-10-01 00:00:00,R001,178,33,Medium
2023-10-01 00:00:00,R002,139,75,Low
2023-10-01 00:00:00,R003,233,76,Low
2023-10-01 00:00:00,R004,168,49,Low
2023-10-01 00:00:00,R005,151,54,Low
2023-10-01 01:00:00,R001,112,40,Low
2023-10-01 01:00:00,R002,86,55,Low
2023-10-01 01:00:00,R003,77,73,Low
2023-10-01 01:00:00,R004,145,70,Low
2023-10-01 01:00:00,R005,111,62,Low
2023-10-01 02:00:00,R001,180,52,Low
2023-10-01 02:00:00,R002,169,67,Low
2023-10-01 02:00:00,R003,165,51,Low
2023-10-01 02:00:00,R004,134,52,Low
2023-10-01 02:00:00,R005,173,57,Low
2023-10-01 03:00:00,R001,100,44,Low
2023-10-01 03:00:00,R002,83,52,Low
2023-10-01 03:00:00,R003,132,66,Low
2023-10-01 03:00:00,R004,158,48,Low
2023-10-01 03:00:00,R005,188,77,Low
2023-10-01 04:00:00,R001,74,53,Low
2023-10-01 04:00:00,R002,214,46,Low
2023-10-01 04:00:00,R003,132,40,Low
2023-10-01 04:00:00,R004,180,53,Low
2023-10-01 04:00:00,R005,49,63,Low
2023-10-01 05:00:00,R001,246,41,Low
2023-10-01 05:00:00,R002,103,94,Low
2023-10-01 05:00:00,R003,66,47,Low
2023-10-01 05:00:00,R004,189,44,Low
2023-10-01 05:00:00,R005,132,42,Low
2023-10-01 06:00:00,R001,103,32,Medium
2023-10-01 06:00:00,R002,78,52,Low
2023-10-01 06:00:00,R003,117,36,Medium
2023-10-01 06:00:00,R004,124,46,Low
2023-10-01 06:00:00,R005,55,70,Low
2023-10-01 07:00:00,R001,75,43,Low
2023-10-01 07:00:00,R002,175,63,Low
2023-10-01 07:00:00,R003,80,47,Low
2023-10-01 07:00:00,R004,207,79,Low
2023-10-01 07:00:00,R005,185,43,Low
2023-10-01 08:00:00,R001,132,32,Medium
2023-10-01 08:00:00,R002,101,76,Low
2023-10-01 08:00:00,R003,86,60,Low
2023-10-01 08:00:00,R004,153,50,Low
2023-10-01 08:00:00,R005,116,62,Low
2023-10-01 09:00:00,R001,261,44,Low
2023-10-01 09:00:00,R002,161,63,Low
2023-10-01 09:00:00,R003,208,72,Low
2023-10-01 09:00:00,R004,97,80,Low
2023-10-01 09:00:00,R005,226,39,Medium
2023-10-01 10:00:00,R001,87,59,Low
2023-10-01 10:00:00,R002,112,80,Low
2023-10-01 10:00:00,R003,98,47,Low
2023-10-01 10:00:00,R004,178,55,Low
2023-10-01 10:00:00,R005,107,78,Low
2023-10-01 11:00:00,R001,90,53,Low
2023-10-01 11:00:00,R002,156,41,Low
2023-10-01 11:00:00,R003,193,67,Low
2023-10-01 11:00:00,R004,109,68,Low
2023-10-01 11:00:00,R005,94,44,Low
2023-10-01 12:00:00,R001,163,34,Medium
2023-10-01 12:00:00,R002,225,92,Low
2023-10-01 12:00:00,R003,201,34,Medium
2023-10-01 12:00:00,R004,186,55,Low
2023-10-01 12:00:00,R005,87,77,Low
2023-10-01 13:00:00,R001,63,26,Medium
2023-10-01 13:00:00,R002,123,52,Low
2023-10-01 13:00:00,R003,137,45,Low
2023-10-01 13:00:00,R004,96,31,Medium
2023-10-01 13:00:00,R005,117,44,Low
2023-10-01 14:00:00,R001,250,31,Medium
2023-10-01 14:00:00,R002,213,32,Medium
2023-10-01 14:00:00,R003,144,44,Low
2023-10-01 14:00:00,R004,161,41,Low
2023-10-01 14:00:00,R005,145,36,Medium
2023-10-01 15:00:00,R001,189,46,Low
2023-10-01 15:00:00,R002,122,38,Medium
2023-10-01 15:00:00,R003,179,57,Low
2023-10-01 15:00:00,R004,110,69,Low
2023-10-01 15:00:00,R005,89,39,Medium
2023-10-01 16:00:00,R001,231,47,Low
2023-10-01 16:00:00,R002,249,55,Low
2023-10-01 16:00:00,R003,80,51,Low
2023-10-01 16:00:00,R004,141,62,Low
2023-10-01 16:00:00,R005,199,69,Low
2023-10-01 17:00:00,R001,129,50,Low
2023-10-01 17:00:00,R002,111,80,Low
2023-10-01 17:00:00,R003,77,87,Low
2023-10-01 17:00:00,R004,87,58,Low
2023-10-01 17:00:00,R005,196,58,Low
2023-10-01 18:00:00,R001,193,41,Low
2023-10-01 18:00:00,R002,194,56,Low
2023-10-01 18:00:00,R003,69,37,Medium
2023-10-01 18:00:00,R004,217,38,Medium
2023-10-01 18:00:00,R005,58,77,Low
2023-10-01 19:00:00,R001,178,38,Medium
2023-10-01 19:00:00,R002,102,33,Medium
2023-10-01 19:00:00,R003,194,34,Medium
2023-10-01 19:00:00,R004,74,30,Medium
2023-10-01 19:00:00,R005,136,32,Medium
2023-10-01 20:00:00,R001,73,44,Low
2023-10-01 20:00:00,R002,118,50,Low
2023-10-01 20:00:00,R003,104,62,Low
2023-10-01 20:00:00,R004,161,41,Low
2023-10-01 20:00:00,R005,107,72,Low
2023-10-01 21:00:00,R001,87,41,Low
2023-10-01 21:00:00,R002,156,44,Low
2023-10-01 21:00:00,R003,133,62,Low
2023-10-01 21:00:00,R004,66,92,Low
2023-10-01 21:00:00,R005,105,78,Low
2023-10-01 22:00:00,R001,278,54,Low
2023-10-01 22:00:00,R002,96,64,Low
2023-10-01 22:00:00,R003,160,72,Low
2023-10-01 22:00:00,R004,127,46,Low
2023-10-01 22:00:00,R005,121,70,Low
2023-10-01 23:00:00,R001,172,72,Low
2023-10-01 23:00:00,R002,131,67,Low
2023-10-01 23:00:00,R003,143,54,Low
2023-10-01 23:00:00,R004,113,58,Low
2023-10-01 23:00:00,R005,77,74,Low
2023-10-02 00:00:00,R001,278,39,Medium
2023-10-02 00:00:00,R002,131,60,Low
2023-10-02 00:00:00,R003,130,70,Low
2023-10-02 00:00:00,R004,230,61,Low
2023-10-02 00:00:00,R005,162,57,Low
2023-10-02 01:00:00,R001,290,44,Low
2023-10-02 01:00:00,R002,183,79,Low
2023-10-02 01:00:00,R003,161,81,Low
2023-10-02 01:00:00,R004,222,73,Low
2023-10-02 01:00:00,R005,160,79,Low
2023-10-02 02:00:00,R001,174,51,Low
2023-10-02 02:00:00,R002,53,47,Low
2023-10-02 02:00:00,R003,66,60,Low
2023-10-02 02:00:00,R004,138,64,Low
2023-10-02 02:00:00,R005,156,65,Low
2023-10-02 03:00:00,R001,76,52,Low
2023-10-02 03:00:00,R002,176,33,Medium
2023-10-02 03:00:00,R003,266,74,Low
2023-10-02 03:00:00,R004,85,74,Low
2023-10-02 03:00:00,R005,130,57,Low
2023-10-02 04:00:00,R001,306,50,Low
2023-10-02 04:00:00,R002,99,65,Low
2023-10-02 04:00:00,R003,97,50,Low
2023-10-02 04:00:00,R004,93,46,Low
2023-10-02 04:00:00,R005,70,47,Low
2023-10-02 05:00:00,R001,84,59,Low
2023-10-02 05:00:00,R002,228,79,Low
2023-10-02 05:00:00,R003,58,74,Low
2023-10-02 05:00:00,R004,211,66,Low
2023-10-02 05:00:00,R005,207,45,Low
2023-10-02 06:00:00,R001,76,43,Low
2023-10-02 06:00:00,R002,73,55,Low
2023-10-02 06:00:00,R003,139,58,Low
2023-10-02 06:00:00,R004,119,50,Low
2023-10-02 06:00:00,R005,115,36,Medium
2023-10-02 07:00:00,R001,130,65,Low
2023-10-02 07:00:00,R002,147,81,Low
2023-10-02 07:00:00,R003,95,51,Low
2023-10-02 07:00:00,R004,128,62,Low
2023-10-02 07:00:00,R005,89,53,Low
2023-10-02 08:00:00,R001,255,16,High
2023-10-02 08:00:00,R002,200,27,Medium
2023-10-02 08:00:00,R003,220,25,Medium
2023-10-02 08:00:00,R004,363,17,High
2023-10-02 08:00:00,R005,246,25,Medium
2023-10-02 09:00:00,R001,657,12,High
2023-10-02 09:00:00,R002,462,22,Medium
2023-10-02 09:00:00,R003,464,30,Medium
2023-10-02 09:00:00,R004,720,34,Medium
2023-10-02 09:00:00,R005,171,19,High
2023-10-02 10:00:00,R001,222,23,Medium
2023-10-02 10:00:00,R002,199,26,Medium
2023-10-02 10:00:00,R003,441,10,High
2023-10-02 10:00:00,R004,682,14,High
2023-10-02 10:00:00,R005,218,36,Medium
2023-10-02 11:00:00,R001,670,14,High
2023-10-02 11:00:00,R002,229,30,Medium
2023-10-02 11:00:00,R003,358,28,Medium
2023-10-02 11:00:00,R004,629,31,Medium
2023-10-02 11:00:00,R005,464,16,High
2023-10-02 12:00:00,R001,220,20,Medium
2023-10-02 12:00:00,R002,146,39,Medium
2023-10-02 12:00:00,R003,69,24,Medium
2023-10-02 12:00:00,R004,190,31,Medium
2023-10-02 12:00:00,R005,160,33,Medium
2023-10-02 13:00:00,R001,121,32,Medium
2023-10-02 13:00:00,R002,72,51,Low
2023-10-02 13:00:00,R003,135,55,Low
2023-10-02 13:00:00,R004,139,46,Low
2023-10-02 13:00:00,R005,102,57,Low
2023-10-02 14:00:00,R001,248,35,Medium
2023-10-02 14:00:00,R002,117,49,Low
2023-10-02 14:00:00,R003,119,34,Medium
2023-10-02 14:00:00,R004,122,34,Medium
2023-10-02 14:00:00,R005,171,28,Medium
2023-10-02 15:00:00,R001,162,44,Low
2023-10-02 15:00:00,R002,194,72,Low
2023-10-02 15:00:00,R003,193,85,Low
2023-10-02 15:00:00,R004,266,39,Medium
2023-10-02 15:00:00,R005,126,55,Low
2023-10-02 16:00:00,R001,138,31,Medium
2023-10-02 16:00:00,R002,79,30,Medium
2023-10-02 16:00:00,R003,119,38,Medium
2023-10-02 16:00:00,R004,77,25,Medium
2023-10-02 16:00:00,R005,123,34,Medium
2023-10-02 17:00:00,R001,812,13,High
2023-10-02 17:00:00,R002,681,27,Medium
2023-10-02 17:00:00,R003,253,22,Medium
2023-10-02 17:00:00,R004,284,24,Medium
2023-10-02 17:00:00,R005,262,17,High
2023-10-02 18:00:00,R001,609,19,High
2023-10-02 18:00:00,R002,251,24,Medium
2023-10-02 18:00:00,R003,570,21,Medium
2023-10-02 18:00:00,R004,368,23,Medium
2023-10-02 18:00:00,R005,442,17,High
2023-10-02 19:00:00,R001,604,7,High
2023-10-02 19:00:00,R002,199,13,High
2023-10-02 19:00:00,R003,412,10,High
2023-10-02 19:00:00,R004,351,10,High
2023-10-02 19:00:00,R005,294,9,High
2023-10-02 20:00:00,R001,589,19,High
2023-10-02 20:00:00,R002,291,8,High
2023-10-02 20:00:00,R003,298,16,High
2023-10-02 20:00:00,R004,500,17,High
2023-10-02 20:00:00,R005,339,23,Medium
2023-10-02 21:00:00,R001,87,35,Medium
2023-10-02 21:00:00,R002,80,77,Low
2023-10-02 21:00:00,R003,137,68,Low
2023-10-02 21:00:00,R004,165,53,Low
2023-10-02 21:00:00,R005,57,55,Low
2023-10-02 22:00:00,R001,112,36,Medium
2023-10-02 22:00:00,R002,90,69,Low
2023-10-02 22:00:00,R003,94,86,Low
2023-10-02 22:00:00,R004,86,70,Low
2023-10-02 22:00:00,R005,77,50,Low
2023-10-02 23:00:00,R001,176,48,Low
2023-10-02 23:00:00,R002,49,64,Low
2023-10-02 23:00:00,R003,204,67,Low
2023-10-02 23:00:00,R004,115,47,Low
2023-10-02 23:00:00,R005,200,65,Low
2023-10-03 00:00:00,R001,170,45,Low
2023-10-03 00:00:00,R002,77,42,Low
2023-10-03 00:00:00,R003,122,41,Low
2023-10-03 00:00:00,R004,157,57,Low
2023-10-03 00:00:00,R005,53,43,Low
2023-10-03 01:00:00,R001,151,53,Low
2023-10-03 01:00:00,R002,206,64,Low
2023-10-03 01:00:00,R003,101,55,Low
2023-10-03 01:00:00,R004,82,42,Low
2023-10-03 01:00:00,R005,149,43,Low
2023-10-03 02:00:00,R001,206,52,Low
2023-10-03 02:00:00,R002,71,80,Low
2023-10-03 02:00:00,R003,196,52,Low
2023-10-03 02:00:00,R004,73,60,Low
2023-10-03 02:00:00,R005,172,64,Low
2023-10-03 03:00:00,R001,112,60,Low
2023-10-03 03:00:00,R002,125,67,Low
2023-10-03 03:00:00,R003,161,48,Low
2023-10-03 03:00:00,R004,93,63,Low
2023-10-03 03:00:00,R005,93,40,Low
2023-10-03 04:00:00,R001,112,37,Medium
2023-10-03 04:00:00,R002,146,66,Low
2023-10-03 04:00:00,R003,159,59,Low
2023-10-03 04:00:00,R004,55,44,Low
2023-10-03 04:00:00,R005,78,78,Low
2023-10-03 05:00:00,R001,157,49,Low
2023-10-03 05:00:00,R002,109,40,Low
2023-10-03 05:00:00,R003,117,58,Low
2023-10-03 05:00:00,R004,176,67,Low
2023-10-03 05:00:00,R005,228,48,Low
2023-10-03 06:00:00,R001,169,39,Medium
2023-10-03 06:00:00,R002,188,39,Medium
2023-10-03 06:00:00,R003,166,43,Low
2023-10-03 06:00:00,R004,183,30,Medium
2023-10-03 06:00:00,R005,58,30,Medium
2023-10-03 07:00:00,R001,74,63,Low
2023-10-03 07:00:00,R002,118,62,Low
2023-10-03 07:00:00,R003,89,54,Low
2023-10-03 07:00:00,R004,108,70,Low
2023-10-03 07:00:00,R005,136,69,Low
2023-10-03 08:00:00,R001,625,7,High
2023-10-03 08:00:00,R002,343,9,High
2023-10-03 08:00:00,R003,756,18,High
2023-10-03 08:00:00,R004,259,9,High
2023-10-03 08:00:00,R005,170,32,Medium
2023-10-03 09:00:00,R001,319,8,High
2023-10-03 09:00:00,R002,445,17,High
2023-10-03 09:00:00,R003,492,29,Medium
2023-10-03 09:00:00,R004,678,24,Medium
2023-10-03 09:00:00,R005,550,22,Medium
2023-10-03 10:00:00,R001,661,8,High
2023-10-03 10:00:00,R002,374,15,High
2023-10-03 10:00:00,R003,276,15,High
2023-10-03 10:00:00,R004,564,12,High
2023-10-03 10:00:00,R005,347,9,High
2023-10-03 11:00:00,R001,459,11,High
2023-10-03 11:00:00,R002,403,15,High
2023-10-03 11:00:00,R003,416,26,Medium
2023-10-03 11:00:00,R004,365,24,Medium
2023-10-03 11:00:00,R005,674,12,High
2023-10-03 12:00:00,R001,158,36,Medium
2023-10-03 12:00:00,R002,186,88,Low
2023-10-03 12:00:00,R003,70,63,Low
2023-10-03 12:00:00,R004,100,64,Low
2023-10-03 12:00:00,R005,189,47,Low
2023-10-03 13:00:00,R001,193,47,Low
2023-10-03 13:00:00,R002,109,55,Low
2023-10-03 13:00:00,R003,98,83,Low
2023-10-03 13:00:00,R004,68,65,Low
2023-10-03 13:00:00,R005,178,35,Medium
2023-10-03 14:00:00,R001,60,40,Low
2023-10-03 14:00:00,R002,232,52,Low
2023-10-03 14:00:00,R003,118,40,Low
2023-10-03 14:00:00,R004,210,37,Medium
2023-10-03 14:00:00,R005,79,48,Low
2023-10-03 15:00:00,R001,224,54,Low
2023-10-03 15:00:00,R002,159,74,Low
2023-10-03 15:00:00,R003,61,74,Low
2023-10-03 15:00:00,R004,109,42,Low
2023-10-03 15:00:00,R005,194,85,Low
2023-10-03 16:00:00,R001,157,57,Low
2023-10-03 16:00:00,R002,192,75,Low
2023-10-03 16:00:00,R003,261,50,Low
2023-10-03 16:00:00,R004,105,38,Medium
2023-10-03 16:00:00,R005,179,82,Low
2023-10-03 17:00:00,R001,429,11,High
2023-10-03 17:00:00,R002,258,21,Medium
2023-10-03 17:00:00,R003,283,32,Medium
2023-10-03 17:00:00,R004,241,26,Medium
2023-10-03 17:00:00,R005,332,19,High
2023-10-03 18:00:00,R001,562,10,High
2023-10-03 18:00:00,R002,145,13,High
2023-10-03 18:00:00,R003,473,7,High
2023-10-03 18:00:00,R004,607,12,High
2023-10-03 18:00:00,R005,735,13,High
2023-10-03 19:00:00,R001,398,15,High
2023-10-03 19:00:00,R002,144,11,High
2023-10-03 19:00:00,R003,477,18,High
2023-10-03 19:00:00,R004,427,8,High
2023-10-03 19:00:00,R005,311,16,High
2023-10-03 20:00:00,R001,758,11,High
2023-10-03 20:00:00,R002,172,22,Medium
2023-10-03 20:00:00,R003,282,16,High
2023-10-03 20:00:00,R004,249,14,High
2023-10-03 20:00:00,R005,341,20,Medium
2023-10-03 21:00:00,R001,122,58,Low
2023-10-03 21:00:00,R002,162,67,Low
2023-10-03 21:00:00,R003,233,91,Low
2023-10-03 21:00:00,R004,89,59,Low
2023-10-03 21:00:00,R005,220,68,Low
2023-10-03 22:00:00,R001,241,56,Low
2023-10-03 22:00:00,R002,71,44,Low
2023-10-03 22:00:00,R003,86,60,Low
2023-10-03 22:00:00,R004,101,57,Low
2023-10-03 22:00:00,R005,147,43,Low
2023-10-03 23:00:00,R001,114,42,Low
2023-10-03 23:00:00,R002,179,22,Medium
2023-10-03 23:00:00,R003,252,24,Medium
2023-10-03 23:00:00,R004,106,44,Low
2023-10-03 23:00:00,R005,217,49,Low
2023-10-04 00:00:00,R001,226,41,Low
2023-10-04 00:00:00,R002,183,44,Low
2023-10-04 00:00:00,R003,174,50,Low
2023-10-04 00:00:00,R004,178,54,Low
2023-10-04 00:00:00,R005,227,49,Low
2023-10-04 01:00:00,R001,111,66,Low
2023-10-04 01:00:00,R002,244,46,Low
2023-10-04 01:00:00,R003,114,67,Low
2023-10-04 01:00:00,R004,53,43,Low
2023-10-04 01:00:00,R005,87,42,Low
2023-10-04 02:00:00,R001,154,31,Medium
2023-10-04 02:00:00,R002,82,32,Medium
2023-10-04 02:00:00,R003,74,52,Low
2023-10-04 02:00:00,R004,60,49,Low
2023-10-04 02:00:00,R005,256,48,Low
2023-10-04 03:00:00,R001,218,60,Low
2023-10-04 03:00:00,R002,122,78,Low
2023-10-04 03:00:00,R003,228,59,Low
2023-10-04 03:00:00,R004,122,39,Medium
2023-10-04 03:00:00,R005,223,62,Low
2023-10-04 04:00:00,R001,152,44,Low
2023-10-04 04:00:00,R002,132,67,Low
2023-10-04 04:00:00,R003,288,53,Low
2023-10-04 04:00:00,R004,116,49,Low
2023-10-04 04:00:00,R005,233,69,Low
2023-10-04 05:00:00,R001,188,55,Low
2023-10-04 05:00:00,R002,129,62,Low
2023-10-04 05:00:00,R003,62,54,Low
2023-10-04 05:00:00,R004,208,52,Low
2023-10-04 05:00:00,R005,77,61,Low
2023-10-04 06:00:00,R001,218,45,Low
2023-10-04 06:00:00,R002,80,36,Medium
2023-10-04 06:00:00,R003,234,74,Low
2023-10-04 06:00:00,R004,221,63,Low
2023-10-04 06:00:00,R005,164,38,Medium
2023-10-04 07:00:00,R001,118,32,Medium
2023-10-04 07:00:00,R002,171,38,Medium
2023-10-04 07:00:00,R003,143,36,Medium
2023-10-04 07:00:00,R004,119,44,Low
2023-10-04 07:00:00,R005,165,29,Medium
2023-10-04 08:00:00,R001,554,7,High
2023-10-04 08:00:00,R002,187,18,High
2023-10-04 08:00:00,R003,577,17,High
2023-10-04 08:00:00,R004,345,21,Medium
2023-10-04 08:00:00,R005,283,17,High
2023-10-04 09:00:00,R001,766,12,High
2023-10-04 09:00:00,R002,645,36,Medium
2023-10-04 09:00:00,R003,403,17,High
2023-10-04 09:00:00,R004,391,13,High
2023-10-04 09:00:00,R005,526,14,High
2023-10-04 10:00:00,R001,229,27,Medium
2023-10-04 10:00:00,R002,773,11,High
2023-10-04 10:00:00,R003,360,20,Medium
2023-10-04 10:00:00,R004,495,14,High
2023-10-04 10:00:00,R005,418,23,Medium
2023-10-04 11:00:00,R001,217,14,High
2023-10-04 11:00:00,R002,151,32,Medium
2023-10-04 11:00:00,R003,683,18,High
2023-10-04 11:00:00,R004,493,29,Medium
2023-10-04 11:00:00,R005,181,29,Medium
2023-10-04 12:00:00,R001,300,43,Low
2023-10-04 12:00:00,R002,87,59,Low
2023-10-04 12:00:00,R003,190,59,Low
2023-10-04 12:00:00,R004,102,51,Low
2023-10-04 12:00:00,R005,186,69,Low
2023-10-04 13:00:00,R001,81,66,Low
2023-10-04 13:00:00,R002,243,53,Low
2023-10-04 13:00:00,R003,186,44,Low
2023-10-04 13:00:00,R004,96,56,Low
2023-10-04 13:00:00,R005,109,60,Low
2023-10-04 14:00:00,R001,279,54,Low
2023-10-04 14:00:00,R002,139,43,Low
2023-10-04 14:00:00,R003,152,50,Low
2023-10-04 14:00:00,R004,88,82,Low
2023-10-04 14:00:00,R005,42,39,Medium
2023-10-04 15:00:00,R001,195,30,Medium
2023-10-04 15:00:00,R002,158,55,Low
2023-10-04 15:00:00,R003,136,47,Low
2023-10-04 15:00:00,R004,156,85,Low
2023-10-04 15:00:00,R005,231,57,Low
2023-10-04 16:00:00,R001,186,56,Low
2023-10-04 16:00:00,R002,132,45,Low
2023-10-04 16:00:00,R003,103,57,Low
2023-10-04 16:00:00,R004,93,55,Low
2023-10-04 16:00:00,R005,175,47,Low
2023-10-04 17:00:00,R001,516,12,High
2023-10-04 17:00:00,R002,639,13,High
2023-10-04 17:00:00,R003,290,20,Medium
2023-10-04 17:00:00,R004,361,20,Medium
2023-10-04 17:00:00,R005,289,31,Medium
2023-10-04 18:00:00,R001,279,9,High
2023-10-04 18:00:00,R002,195,9,High
2023-10-04 18:00:00,R003,244,11,High
2023-10-04 18:00:00,R004,177,19,High
2023-10-04 18:00:00,R005,569,6,High
2023-10-04 19:00:00,R001,848,7,High
2023-10-04 19:00:00,R002,373,15,High
2023-10-04 19:00:00,R003,399,12,High
2023-10-04 19:00:00,R004,538,16,High
2023-10-04 19:00:00,R005,237,31,Medium
2023-10-04 20:00:00,R001,585,9,High
2023-10-04 20:00:00,R002,434,20,Medium
2023-10-04 20:00:00,R003,406,12,High
2023-10-04 20:00:00,R004,660,24,Medium
2023-10-04 20:00:00,R005,549,13,High
2023-10-04 21:00:00,R001,200,61,Low
2023-10-04 21:00:00,R002,156,59,Low
2023-10-04 21:00:00,R003,133,39,Medium
2023-10-04 21:00:00,R004,189,80,Low
2023-10-04 21:00:00,R005,152,43,Low
2023-10-04 22:00:00,R001,92,57,Low
2023-10-04 22:00:00,R002,103,84,Low
2023-10-04 22:00:00,R003,174,45,Low
2023-10-04 22:00:00,R004,54,76,Low
2023-10-04 22:00:00,R005,201,46,Low
2023-10-04 23:00:00,R001,244,67,Low
2023-10-04 23:00:00,R002,182,70,Low
2023-10-04 23:00:00,R003,130,60,Low
2023-10-04 23:00:00,R004,186,63,Low
2023-10-04 23:00:00,R005,144,66,Low
2023-10-05 00:00:00,R001,116,65,Low
2023-10-05 00:00:00,R002,121,50,Low
2023-10-05 00:00:00,R003,122,55,Low
2023-10-05 00:00:00,R004,117,52,Low
2023-10-05 00:00:00,R005,268,62,Low
2023-10-05 01:00:00,R001,80,48,Low
2023-10-05 01:00:00,R002,204,53,Low
2023-10-05 01:00:00,R003,90,71,Low
2023-10-05 01:00:00,R004,168,47,Low
2023-10-05 01:00:00,R005,164,75,Low
2023-10-05 02:00:00,R001,242,64,Low
2023-10-05 02:00:00,R002,130,64,Low
2023-10-05 02:00:00,R003,113,75,Low
2023-10-05 02:00:00,R004,91,57,Low
2023-10-05 02:00:00,R005,109,34,Medium
2023-10-05 03:00:00,R001,187,50,Low
2023-10-05 03:00:00,R002,178,53,Low
2023-10-05 03:00:00,R003,124,41,Low
2023-10-05 03:00:00,R004,146,59,Low
2023-10-05 03:00:00,R005,96,69,Low
2023-10-05 04:00:00,R001,128,29,Medium
2023-10-05 04:00:00,R002,142,53,Low
2023-10-05 04:00:00,R003,123,46,Low
2023-10-05 04:00:00,R004,251,70,Low
2023-10-05 04:00:00,R005,166,50,Low
2023-10-05 05:00:00,R001,194,64,Low
2023-10-05 05:00:00,R002,201,72,Low
2023-10-05 05:00:00,R003,115,57,Low
2023-10-05 05:00:00,R004,190,57,Low
2023-10-05 05:00:00,R005,164,54,Low
2023-10-05 06:00:00,R001,132,36,Medium
2023-10-05 06:00:00,R002,211,54,Low
2023-10-05 06:00:00,R003,138,55,Low
2023-10-05 06:00:00,R004,182,58,Low
2023-10-05 06:00:00,R005,89,65,Low
2023-10-05 07:00:00,R001,84,31,Medium
2023-10-05 07:00:00,R002,162,42,Low
2023-10-05 07:00:00,R003,79,33,Medium
2023-10-05 07:00:00,R004,68,33,Medium
2023-10-05 07:00:00,R005,55,26,Medium
2023-10-05 08:00:00,R001,376,16,High
2023-10-05 08:00:00,R002,423,21,Medium
2023-10-05 08:00:00,R003,627,22,Medium
2023-10-05 08:00:00,R004,490,28,Medium
2023-10-05 08:00:00,R005,208,11,High
2023-10-05 09:00:00,R001,553,7,High
2023-10-05 09:00:00,R002,622,9,High
2023-10-05 09:00:00,R003,276,8,High
2023-10-05 09:00:00,R004,291,15,High
2023-10-05 09:00:00,R005,313,8,High
2023-10-05 10:00:00,R001,396,10,High
2023-10-05 10:00:00,R002,271,10,High
2023-10-05 10:00:00,R003,202,13,High
2023-10-05 10:00:00,R004,223,8,High
2023-10-05 10:00:00,R005,690,19,High
2023-10-05 11:00:00,R001,212,7,High
2023-10-05 11:00:00,R002,258,7,High
2023-10-05 11:00:00,R003,134,12,High
2023-10-05 11:00:00,R004,417,9,High
2023-10-05 11:00:00,R005,272,9,High
2023-10-05 12:00:00,R001,315,37,Medium
2023-10-05 12:00:00,R002,149,25,Medium
2023-10-05 12:00:00,R003,89,42,Low
2023-10-05 12:00:00,R004,137,40,Low
2023-10-05 12:00:00,R005,104,21,Medium
2023-10-05 13:00:00,R001,69,45,Low
2023-10-05 13:00:00,R002,68,66,Low
2023-10-05 13:00:00,R003,98,51,Low
2023-10-05 13:00:00,R004,129,52,Low
2023-10-05 13:00:00,R005,159,64,Low
2023-10-05 14:00:00,R001,91,44,Low
2023-10-05 14:00:00,R002,60,59,Low
2023-10-05 14:00:00,R003,145,48,Low
2023-10-05 14:00:00,R004,184,67,Low
2023-10-05 14:00:00,R005,188,50,Low
2023-10-05 15:00:00,R001,205,36,Medium
2023-10-05 15:00:00,R002,186,39,Medium
2023-10-05 15:00:00,R003,212,33,Medium
2023-10-05 15:00:00,R004,204,25,Medium
2023-10-05 15:00:00,R005,151,42,Low
2023-10-05 16:00:00,R001,111,50,Low
2023-10-05 16:00:00,R002,106,54,Low
2023-10-05 16:00:00,R003,124,53,Low
2023-10-05 16:00:00,R004,157,71,Low
2023-10-05 16:00:00,R005,111,75,Low
2023-10-05 17:00:00,R001,397,11,High
2023-10-05 17:00:00,R002,562,8,High
2023-10-05 17:00:00,R003,717,11,High
2023-10-05 17:00:00,R004,391,21,Medium
2023-10-05 17:00:00,R005,508,10,High
2023-10-05 18:00:00,R001,183,15,High
2023-10-05 18:00:00,R002,419,20,Medium
2023-10-05 18:00:00,R003,299,15,High
2023-10-05 18:00:00,R004,205,11,High
2023-10-05 18:00:00,R005,377,15,High
2023-10-05 19:00:00,R001,612,7,High
2023-10-05 19:00:00,R002,593,17,High
2023-10-05 19:00:00,R003,233,19,High
2023-10-05 19:00:00,R004,506,15,High
2023-10-05 19:00:00,R005,213,16,High
2023-10-05 20:00:00,R001,277,13,High
2023-10-05 20:00:00,R002,551,21,Medium
2023-10-05 20:00:00,R003,314,14,High
2023-10-05 20:00:00,R004,191,21,Medium
2023-10-05 20:00:00,R005,693,15,High
2023-10-05 21:00:00,R001,200,24,Medium
2023-10-05 21:00:00,R002,85,42,Low
2023-10-05 21:00:00,R003,167,48,Low
2023-10-05 21:00:00,R004,79,34,Medium
2023-10-05 21:00:00,R005,131,45,Low
2023-10-05 22:00:00,R001,129,28,Medium
2023-10-05 22:00:00,R002,124,28,Medium
2023-10-05 22:00:00,R003,168,39,Medium
2023-10-05 22:00:00,R004,163,27,Medium
2023-10-05 22:00:00,R005,114,45,Low
2023-10-05 23:00:00,R001,148,27,Medium
2023-10-05 23:00:00,R002,187,23,Medium
2023-10-05 23:00:00,R003,151,43,Low
2023-10-05 23:00:00,R004,73,45,Low
2023-10-05 23:00:00,R005,265,51,Low
2023-10-06 00:00:00,R001,140,38,Medium
2023-10-06 00:00:00,R002,73,68,Low
2023-10-06 00:00:00,R003,140,86,Low
2023-10-06 00:00:00,R004,106,53,Low
2023-10-06 00:00:00,R005,95,51,Low
2023-10-06 01:00:00,R001,157,45,Low
2023-10-06 01:00:00,R002,216,55,Low
2023-10-06 01:00:00,R003,224,49,Low
2023-10-06 01:00:00,R004,235,80,Low
2023-10-06 01:00:00,R005,231,60,Low
2023-10-06 02:00:00,R001,304,34,Medium
2023-10-06 02:00:00,R002,160,44,Low
2023-10-06 02:00:00,R003,177,71,Low
2023-10-06 02:00:00,R004,128,53,Low
2023-10-06 02:00:00,R005,177,46,Low
2023-10-06 03:00:00,R001,82,58,Low
2023-10-06 03:00:00,R002,125,60,Low
2023-10-06 03:00:00,R003,69,44,Low
2023-10-06 03:00:00,R004,100,47,Low
2023-10-06 03:00:00,R005,178,73,Low
2023-10-06 04:00:00,R001,96,51,Low
2023-10-06 04:00:00,R002,113,35,Medium
2023-10-06 04:00:00,R003,137,59,Low
2023-10-06 04:00:00,R004,74,38,Medium
2023-10-06 04:00:00,R005,161,73,Low
2023-10-06 05:00:00,R001,145,52,Low
2023-10-06 05:00:00,R002,279,54,Low
2023-10-06 05:00:00,R003,97,48,Low
2023-10-06 05:00:00,R004,177,52,Low
2023-10-06 05:00:00,R005,224,47,Low
2023-10-06 06:00:00,R001,198,42,Low
2023-10-06 06:00:00,R002,220,51,Low
2023-10-06 06:00:00,R003,91,54,Low
2023-10-06 06:00:00,R004,239,59,Low
2023-10-06 06:00:00,R005,93,53,Low
2023-10-06 07:00:00,R001,223,56,Low
2023-10-06 07:00:00,R002,68,72,Low
2023-10-06 07:00:00,R003,114,85,Low
2023-10-06 07:00:00,R004,139,74,Low
2023-10-06 07:00:00,R005,260,82,Low
2023-10-06 08:00:00,R001,336,14,High
2023-10-06 08:00:00,R002,202,13,High
2023-10-06 08:00:00,R003,227,11,High
2023-10-06 08:00:00,R004,258,16,High
2023-10-06 08:00:00,R005,574,26,Medium
2023-10-06 09:00:00,R001,474,12,High
2023-10-06 09:00:00,R002,546,10,High
2023-10-06 09:00:00,R003,134,16,High
2023-10-06 09:00:00,R004,269,7,High
2023-10-06 09:00:00,R005,344,12,High
2023-10-06 10:00:00,R001,220,18,High
2023-10-06 10:00:00,R002,468,13,High
2023-10-06 10:00:00,R003,459,33,Medium
2023-10-06 10:00:00,R004,595,13,High
2023-10-06 10:00:00,R005,502,23,Medium
2023-10-06 11:00:00,R001,771,22,Medium
2023-10-06 11:00:00,R002,671,15,High
2023-10-06 11:00:00,R003,288,13,High
2023-10-06 11:00:00,R004,443,19,High
2023-10-06 11:00:00,R005,341,19,High
2023-10-06 12:00:00,R001,76,54,Low
2023-10-06 12:00:00,R002,69,54,Low
2023-10-06 12:00:00,R003,80,52,Low
2023-10-06 12:00:00,R004,143,65,Low
2023-10-06 12:00:00,R005,129,46,Low
2023-10-06 13:00:00,R001,229,33,Medium
2023-10-06 13:00:00,R002,167,70,Low
2023-10-06 13:00:00,R003,70,50,Low
2023-10-06 13:00:00,R004,140,82,Low
2023-10-06 13:00:00,R005,162,60,Low
2023-10-06 14:00:00,R001,184,48,Low
2023-10-06 14:00:00,R002,188,39,Medium
2023-10-06 14:00:00,R003,164,57,Low
2023-10-06 14:00:00,R004,158,44,Low
2023-10-06 14:00:00,R005,158,57,Low
2023-10-06 15:00:00,R001,135,32,Medium
2023-10-06 15:00:00,R002,64,74,Low
2023-10-06 15:00:00,R003,75,77,Low
2023-10-06 15:00:00,R004,109,61,Low
2023-10-06 15:00:00,R005,157,33,Medium
2023-10-06 16:00:00,R001,135,38,Medium
2023-10-06 16:00:00,R002,147,40,Low
2023-10-06 16:00:00,R003,47,57,Low
2023-10-06 16:00:00,R004,56,63,Low
2023-10-06 16:00:00,R005,245,57,Low
2023-10-06 17:00:00,R001,232,11,High
2023-10-06 17:00:00,R002,311,23,Medium
2023-10-06 17:00:00,R003,428,35,Medium
2023-10-06 17:00:00,R004,487,16,High
2023-10-06 17:00:00,R005,422,17,High
2023-10-06 18:00:00,R001,537,10,High
2023-10-06 18:00:00,R002,468,13,High
2023-10-06 18:00:00,R003,226,17,High
2023-10-06 18:00:00,R004,316,12,High
2023-10-06 18:00:00,R005,251,15,High
2023-10-06 19:00:00,R001,466,12,High
2023-10-06 19:00:00,R002,371,15,High
2023-10-06 19:00:00,R003,412,16,High
2023-10-06 19:00:00,R004,434,19,High
2023-10-06 19:00:00,R005,221,21,Medium
2023-10-06 20:00:00,R001,480,19,High
2023-10-06 20:00:00,R002,219,20,Medium
2023-10-06 20:00:00,R003,160,25,Medium
2023-10-06 20:00:00,R004,573,24,Medium
2023-10-06 20:00:00,R005,411,23,Medium
2023-10-06 21:00:00,R001,73,40,Low
2023-10-06 21:00:00,R002,149,53,Low
2023-10-06 21:00:00,R003,113,44,Low
2023-10-06 21:00:00,R004,162,66,Low
2023-10-06 21:00:00,R005,265,53,Low
2023-10-06 22:00:00,R001,210,52,Low
2023-10-06 22:00:00,R002,257,42,Low
2023-10-06 22:00:00,R003,75,60,Low
2023-10-06 22:00:00,R004,136,58,Low
2023-10-06 22:00:00,R005,109,74,Low
2023-10-06 23:00:00,R001,178,34,Medium
2023-10-06 23:00:00,R002,93,32,Medium
2023-10-06 23:00:00,R003,102,40,Low
2023-10-06 23:00:00,R004,141,33,Medium
2023-10-06 23:00:00,R005,106,36,Medium
2023-10-07 00:00:00,R001,212,39,Medium
2023-10-07 00:00:00,R002,177,67,Low
2023-10-07 00:00:00,R003,157,45,Low
2023-10-07 00:00:00,R004,168,57,Low
2023-10-07 00:00:00,R005,249,63,Low
2023-10-07 01:00:00,R001,198,52,Low
2023-10-07 01:00:00,R002,55,47,Low
2023-10-07 01:00:00,R003,182,63,Low
2023-10-07 01:00:00,R004,132,46,Low
2023-10-07 01:00:00,R005,87,45,Low
2023-10-07 02:00:00,R001,248,25,Medium
2023-10-07 02:00:00,R002,107,48,Low
2023-10-07 02:00:00,R003,58,30,Medium
2023-10-07 02:00:00,R004,61,37,Medium
2023-10-07 02:00:00,R005,83,36,Medium
2023-10-07 03:00:00,R001,121,38,Medium
2023-10-07 03:00:00,R002,132,43,Low
2023-10-07 03:00:00,R003,197,36,Medium
2023-10-07 03:00:00,R004,186,24,Medium
2023-10-07 03:00:00,R005,51,24,Medium
2023-10-07 04:00:00,R001,102,57,Low
2023-10-07 04:00:00,R002,210,53,Low
2023-10-07 04:00:00,R003,213,76,Low
2023-10-07 04:00:00,R004,104,63,Low
2023-10-07 04:00:00,R005,191,60,Low
2023-10-07 05:00:00,R001,117,30,Medium
2023-10-07 05:00:00,R002,100,27,Medium
2023-10-07 05:00:00,R003,221,33,Medium
2023-10-07 05:00:00,R004,143,31,Medium
2023-10-07 05:00:00,R005,91,33,Medium
2023-10-07 06:00:00,R001,148,56,Low
2023-10-07 06:00:00,R002,86,49,Low
2023-10-07 06:00:00,R003,99,72,Low
2023-10-07 06:00:00,R004,188,57,Low
2023-10-07 06:00:00,R005,236,60,Low
2023-10-07 07:00:00,R001,232,60,Low
2023-10-07 07:00:00,R002,125,55,Low
2023-10-07 07:00:00,R003,96,50,Low
2023-10-07 07:00:00,R004,97,47,Low
2023-10-07 07:00:00,R005,86,41,Low
2023-10-07 08:00:00,R001,67,39,Medium
2023-10-07 08:00:00,R002,122,72,Low
2023-10-07 08:00:00,R003,128,45,Low
2023-10-07 08:00:00,R004,249,58,Low
2023-10-07 08:00:00,R005,165,88,Low
2023-10-07 09:00:00,R001,116,23,Medium
2023-10-07 09:00:00,R002,120,27,Medium
2023-10-07 09:00:00,R003,92,42,Low
2023-10-07 09:00:00,R004,158,30,Medium
2023-10-07 09:00:00,R005,261,43,Low
2023-10-07 10:00:00,R001,252,47,Low
2023-10-07 10:00:00,R002,149,59,Low
2023-10-07 10:00:00,R003,108,69,Low
2023-10-07 10:00:00,R004,178,56,Low
2023-10-07 10:00:00,R005,167,68,Low
2023-10-07 11:00:00,R001,60,55,Low
2023-10-07 11:00:00,R002,78,59,Low
2023-10-07 11:00:00,R003,165,60,Low
2023-10-07 11:00:00,R004,183,48,Low
2023-10-07 11:00:00,R005,225,69,Low
2023-10-07 12:00:00,R001,234,49,Low
2023-10-07 12:00:00,R002,97,55,Low
2023-10-07 12:00:00,R003,95,43,Low
2023-10-07 12:00:00,R004,226,58,Low
2023-10-07 12:00:00,R005,92,56,Low
2023-10-07 13:00:00,R001,109,52,Low
2023-10-07 13:00:00,R002,233,66,Low
2023-10-07 13:00:00,R003,263,65,Low
2023-10-07 13:00:00,R004,248,77,Low
2023-10-07 13:00:00,R005,119,56,Low
2023-10-07 14:00:00,R001,278,48,Low
2023-10-07 14:00:00,R002,205,64,Low
2023-10-07 14:00:00,R003,159,80,Low
2023-10-07 14:00:00,R004,91,47,Low
2023-10-07 14:00:00,R005,163,57,Low
2023-10-07 15:00:00,R001,300,54,Low
2023-10-07 15:00:00,R002,127,54,Low
2023-10-07 15:00:00,R003,205,38,Medium
2023-10-07 15:00:00,R004,245,52,Low
2023-10-07 15:00:00,R005,165,57,Low
2023-10-07 16:00:00,R001,102,52,Low
2023-10-07 16:00:00,R002,265,48,Low
2023-10-07 16:00:00,R003,121,60,Low
2023-10-07 16:00:00,R004,171,60,Low
2023-10-07 16:00:00,R005,239,90,Low
2023-10-07 17:00:00,R001,144,45,Low
2023-10-07 17:00:00,R002,178,57,Low
2023-10-07 17:00:00,R003,92,71,Low
2023-10-07 17:00:00,R004,78,88,Low
2023-10-07 17:00:00,R005,184,66,Low
2023-10-07 18:00:00,R001,117,35,Medium
2023-10-07 18:00:00,R002,86,70,Low
2023-10-07 18:00:00,R003,59,73,Low
2023-10-07 18:00:00,R004,138,60,Low
2023-10-07 18:00:00,R005,118,79,Low
2023-10-07 19:00:00,R001,108,46,Low
2023-10-07 19:00:00,R002,75,61,Low
2023-10-07 19:00:00,R003,184,67,Low
2023-10-07 19:00:00,R004,172,51,Low
2023-10-07 19:00:00,R005,109,49,Low
2023-10-07 20:00:00,R001,102,48,Low
2023-10-07 20:00:00,R002,122,62,Low
2023-10-07 20:00:00,R003,150,83,Low
2023-10-07 20:00:00,R004,173,47,Low
2023-10-07 20:00:00,R005,93,50,Low
2023-10-07 21:00:00,R001,184,60,Low
2023-10-07 21:00:00,R002,257,76,Low
2023-10-07 21:00:00,R003,128,50,Low
2023-10-07 21:00:00,R004,214,58,Low
2023-10-07 21:00:00,R005,96,57,Low
2023-10-07 22:00:00,R001,193,40,Low
2023-10-07 22:00:00,R002,99,31,Medium
2023-10-07 22:00:00,R003,167,29,Medium
2023-10-07 22:00:00,R004,100,36,Medium
2023-10-07 22:00:00,R005,76,40,Low
2023-10-07 23:00:00,R001,103,19,High
2023-10-07 23:00:00,R002,114,44,Low
2023-10-07 23:00:00,R003,131,27,Medium
2023-10-07 23:00:00,R004,229,34,Medium
2023-10-07 23:00:00,R005,139,43,Low
